x,y
128467.3, 468694.8
128457.0, 468599.0
128193.1, 468284.4
128165.7, 468243.4
128151.9, 468161.3
128261.5, 468120.3
128316.3, 468175.0
128139.1, 469775.4
129195.0, 471649.5
129188.1, 471608.4
129414.5, 472224.0
129147.5, 472429.2
129127.1, 472593.3
129168.1, 472593.3
129154.4, 472552.3
129168.2, 472661.7
129175.1, 472695.9
129181.9, 472771.2
129182.0, 472812.2
129209.4, 472866.9
129634.9, 474303.2
129676.0, 474316.9
129730.8, 474330.6
129785.6, 474330.6
129840.4, 474344.3
129621.1, 474180.1
129621.1, 474152.8
129662.2, 474234.8
129703.3, 474248.5
129758.1, 474275.9
129771.8, 474234.8
129812.9, 474248.5
129826.6, 474275.9
129867.7, 474289.5
130210.2, 474262.2
129607.3, 474043.3
129607.3, 474002.3
129579.9, 473961.2
129662.1, 473974.9
129607.3, 473906.5
129662.1, 473920.2
129771.7, 473974.9
129812.8, 473988.6
129881.3, 473988.6
129977.2, 473974.9
129648.3, 473824.5
129716.8, 473838.1
129785.3, 473851.8
129785.2, 473715.0
129798.9, 473728.7
129798.8, 473550.9
129648.2, 473605.6
129593.4, 473550.9
129538.6, 473578.2
129524.8, 473496.2
129497.4, 473373.0
129497.3, 473304.6
129524.7, 473318.3
129620.6, 473345.7
129689.2, 473400.4
129716.5, 473332.0
129743.9, 473236.2
129771.2, 473181.5
129812.2, 473058.4
129469.9, 473236.2
129483.5, 473099.5
129510.9, 473113.1
129620.4, 473017.4
129524.5, 472976.3
129688.9, 472949.0
129772.3, 474987.2
129772.2, 474918.8
129758.5, 474850.4
129744.7, 474768.3
129717.3, 474699.9
129758.4, 474713.6
129799.5, 474754.6
129840.6, 474699.9
129895.4, 474741.0
129977.6, 474741.0
130114.6, 474864.1
130224.2, 474809.3
129703.6, 474631.5
129744.6, 474563.1
129758.3, 474604.2
129799.4, 474617.8
129840.5, 474631.5
129689.8, 474549.4
129689.8, 474481.0
129676.1, 474440.0
129662.3, 474385.3
129468.2, 476338.0
129389.5, 476368.8
129389.4, 476286.7
129361.9, 476013.1
129320.8, 476013.1
129320.7, 475931.0
129320.7, 475862.6
129348.0, 475739.5
129306.9, 475739.5
129224.7, 475712.2
129238.4, 475739.5
129183.6, 475753.2
129046.7, 475807.9
129142.6, 475835.3
129156.3, 475876.3
129183.7, 475917.4
129183.8, 475944.7
129197.5, 475982.3
129224.9, 476026.8
129375.4, 475657.5
129375.3, 475575.4
129361.6, 475493.3
129320.5, 475493.3
129306.8, 475575.4
129101.4, 475712.2
129087.7, 475657.5
129074.0, 475589.1
129046.5, 475493.3
128964.4, 475657.5
129101.3, 475424.9
129156.1, 475438.6
129087.5, 475342.8
129183.4, 475342.8
129251.9, 475342.8
129306.7, 475342.8
129293.0, 475301.8
129347.8, 475274.4
129375.2, 475342.8
129388.9, 475383.9
129375.3, 475438.6
129320.5, 475438.6
129347.7, 475206.0
129334.0, 475110.3
129224.5, 475274.4
129265.6, 475260.8
129197.0, 475192.4
129087.4, 475151.3
128977.9, 475301.8
129019.0, 475329.2
129019.1, 475383.9
128964.2, 475233.4
128950.5, 475192.4
128923.0, 475151.3
128895.6, 475124.0
128895.6, 475069.3
128868.2, 475018.0
129388.7, 475014.5
129457.2, 474973.5
129607.9, 474959.8
129580.4, 474877.7
129607.8, 474918.8
129566.7, 474918.8
129511.9, 474905.1
129457.1, 474891.4
129443.5, 474932.5
129402.4, 474946.1
129402.3, 474905.1
129196.9, 474918.8
129128.4, 474918.8
129101.0, 474905.1
129059.9, 474905.1
129005.1, 474918.8
128950.3, 474918.8
129032.5, 474877.7
129059.8, 474850.4
129087.2, 474809.3
129032.4, 474809.3
128977.6, 474823.0
128936.5, 474809.3
128936.5, 474754.6
128703.6, 474741.0
129594.1, 474823.0
129566.7, 474823.0
129511.9, 474823.0
129457.1, 474823.0
129416.0, 474809.3
129361.2, 474809.3
129237.9, 474795.7
129183.1, 474795.7
129142.0, 474754.6
129580.3, 474754.6
129580.3, 474699.9
129525.5, 474699.9
129443.3, 474699.9
129388.5, 474686.2
129374.8, 474727.3
129306.3, 474672.6
129237.8, 474672.6
129320.0, 474600.7
129265.2, 474604.2
129114.4, 474467.4
129182.9, 474481.0
129278.8, 474508.4
129337.0, 474491.3
129347.3, 474453.7
129347.3, 474385.3
129360.9, 474344.3
129278.8, 474371.6
129265.0, 474289.5
129155.4, 474193.8
129032.1, 474234.8
129114.3, 474330.6
129388.1, 473961.2
129347.0, 473947.6
129182.6, 473892.8
129415.4, 473865.5
129415.4, 473728.7
129374.3, 473810.8
129429.6, 474617.8
129415.8, 474535.8
129415.8, 474453.7
129402.1, 474412.7
129402.0, 474357.9
129429.4, 474330.6
129388.3, 474303.2
129484.3, 474549.4
129539.1, 474549.4
129552.9, 474604.2
129539.1, 474481.0
129470.6, 474467.4
129525.4, 474426.3
129511.6, 474357.9
129470.4, 474166.4
129388.3, 474234.8
129360.8, 474180.1
129401.9, 474166.4
129374.5, 474125.4
129401.9, 474057.0
129374.4, 474016.0
129415.5, 474016.0
129442.9, 474029.6
129401.6, 473632.9
129346.8, 473619.3
129346.8, 473674.0
129319.4, 473660.3
129374.2, 473564.5
129333.1, 473578.2
129360.4, 473496.2
129305.7, 473509.8
129237.2, 473537.2
129209.8, 473482.5
129346.7, 473441.4
129305.6, 473455.1
129333.0, 473373.0
129305.6, 473400.4
129332.9, 473304.6
129264.5, 473373.0
129223.4, 473359.4
129264.4, 473304.6
129291.8, 473263.6
129305.5, 473222.6
129209.6, 473291.0
129264.4, 473195.2
129154.8, 473208.9
129195.9, 473167.9
129250.6, 473113.1
129250.6, 473072.1
129278.0, 473017.4
129236.9, 473017.4
129045.2, 473113.1
129652.4, 476260.3
129685.1, 476249.3
129619.0, 476211.8
129762.9, 476160.6
129813.4, 476160.2
129664.5, 476099.5
129661.4, 476090.4
129409.2, 476091.9
129413.7, 476076.8
129594.5, 476041.9
129593.0, 475997.9
129567.1, 475985.7
129649.2, 475997.9
129444.0, 475914.4
129448.5, 475893.2
129474.4, 475896.2
129512.4, 475899.3
129527.6, 475894.7
129542.8, 475900.8
129559.5, 475900.8
129565.5, 475902.3
129602.0, 475908.4
129606.6, 475903.8
129630.9, 475894.7
129620.2, 475846.2
129466.7, 475852.3
129452.3, 475841.6
129419.6, 475737.0
129469.7, 475740.0
129477.3, 475735.5
129471.2, 475730.9
129481.8, 475703.6
129466.6, 475696.0
129472.7, 475662.6
129565.4, 475652.0
129603.3, 475653.5
129597.3, 475703.6
129608.0, 475756.7
129614.1, 475759.7
129611.0, 475777.9
129585.2, 475777.9
129583.7, 475770.3
129547.2, 475771.9
129753.9, 475770.3
129686.9, 475667.2
129699.1, 475670.2
129729.5, 475677.8
129735.5, 475652.0
129715.8, 475633.8
129709.7, 475632.3
129705.1, 475624.7
129723.3, 475592.9
129720.3, 475559.5
129711.1, 475517.0
129708.1, 475498.8
129700.8, 475494.7
129698.9, 475462.4
129698.9, 475445.7
129676.1, 475395.7
129686.7, 475387.7
129642.7, 475432.1
129616.8, 475426.0
129598.6, 475391.1
129647.3, 475511.0
129638.2, 475545.8
129624.5, 475536.7
129620.0, 475576.2
129610.9, 475609.6
129609.4, 475618.7
129486.3, 475583.8
129571.3, 475527.6
129565.3, 475530.7
129550.1, 475527.6
129521.2, 475509.4
129496.9, 475504.9
129487.8, 475507.9
129436.1, 475501.9
129490.7, 475450.3
129486.2, 475442.7
129486.2, 475412.4
129495.3, 475412.4
129545.4, 475415.4
129472.4, 475348.7
129490.7, 475341.1
129492.2, 475350.2
129502.8, 475350.2
129526.8, 475344.1
129531.7, 475353.2
129551.5, 475351.7
129590.9, 475336.5
129645.6, 475332.0
129671.5, 475338.0
129669.9, 475284.9
129663.8, 475254.6
129628.9, 475265.2
129622.8, 475265.2
129571.1, 475259.2
129563.6, 475283.4
129569.7, 475312.2
129542.3, 475277.4
129534.7, 475284.9
129495.2, 475324.4
129489.1, 475310.7
129492.1, 475288.0
129489.1, 475278.9
129481.5, 475283.4
129473.9, 475284.9
129445.0, 475283.4
129434.4, 475281.9
129475.4, 475237.9
129466.3, 475210.6
129473.9, 475207.6
129472.3, 475190.9
129472.3, 475183.3
129419.1, 475181.8
129437.3, 475148.4
129458.6, 475116.6
129466.2, 475119.6
129466.2, 475148.4
129508.7, 475142.4
129517.8, 475119.6
129536.1, 475092.3
129549.8, 475119.6
129565.0, 475121.1
129598.4, 475124.2
129610.5, 475080.2
129501.2, 475200.0
129519.4, 475209.1
129546.8, 475174.2
129589.3, 475189.4
129577.2, 475212.1
129653.1, 475187.9
129653.1, 475180.3
129621.1, 475040.7
129537.5, 475028.6
129460.0, 475022.5
129429.7, 475055.9
129458.5, 475063.5
129951.4, 475828.0
129959.0, 475831.0
129959.0, 475815.9
129946.7, 475656.6
129954.3, 475636.9
129986.2, 475611.1
129942.2, 475611.1
129946.7, 475605.0
129910.2, 475600.5
130044.0, 475608.0
130054.6, 475614.1
130085.4, 475609.9
130066.7, 475544.3
130056.1, 475536.7
129990.7, 475506.4
129961.8, 475492.8
129955.7, 475460.9
129948.1, 475473.0
129911.7, 475495.8
129946.7, 475550.4
129852.4, 475507.9
129873.7, 475483.7
129857.0, 475476.1
129843.3, 475463.9
129864.5, 475430.6
129855.4, 475429.0
129834.1, 475412.4
129958.7, 475407.8
129990.6, 475412.4
129990.6, 475356.2
129976.9, 475354.7
129937.4, 475371.4
129925.2, 475341.1
129820.4, 475333.5
129855.7, 475351.3
129862.9, 475324.4
129878.1, 475297.1
129869.0, 475266.7
129831.0, 475289.5
129817.7, 475315.3
130004.2, 475306.2
130034.6, 475313.8
130052.1, 475262.2
130058.9, 475260.7
130095.4, 475286.5
129975.3, 475265.2
129985.9, 475245.5
130005.7, 475197.0
129805.1, 475248.5
129840.1, 475234.9
129875.0, 475210.6
129794.4, 475189.4
129818.8, 475193.9
129805.1, 475162.1
129832.4, 475148.4
129795.9, 475137.8
129829.3, 475090.8
129851.7, 475069.5
130032.9, 475074.1
129839.9, 475028.6
129836.9, 475011.9
129800.4, 475022.5
129776.1, 475077.1
129777.6, 475066.5
129774.6, 475054.4
129773.1, 475043.8
129768.5, 475013.4
129767.0, 475005.8
128468.5, 470723.2
128560.8, 470576.0
128587.4, 470591.3
128767.7, 470486.9
128708.4, 470450.2
128698.1, 470450.3
128720.7, 470419.6
128757.6, 470346.0
128712.6, 470315.5
128690.0, 470306.4
128708.6, 470185.4
128331.6, 470264.2
128343.9, 470261.1
128325.4, 470230.5
128358.2, 470212.1
128386.9, 470199.8
128321.4, 470129.5
128341.9, 470120.3
128352.2, 470114.1
128368.6, 470108.0
128307.1, 470043.8
128324.6, 470036.9
128333.8, 470034.6
128397.3, 470002.3
128497.5, 470208.8
128569.4, 469942.3
128290.8, 469948.9
128276.5, 469915.3
128272.4, 469903.0
128340.0, 469927.4
128399.4, 469899.7
128588.0, 469844.3
128612.5, 469847.3
128672.0, 469841.0
128368.8, 469820.2
128397.5, 469804.8
128403.6, 469801.8
128479.4, 469758.7
128493.8, 469749.5
128504.0, 469740.3
128530.6, 469816.8
128528.6, 469758.7
128534.8, 469764.8
128538.9, 469725.0
128547.1, 469728.0
128565.5, 469724.9
128575.8, 469727.9
128604.4, 469727.9
128620.8, 469727.9
128641.3, 469724.8
128665.9, 469730.8
128633.1, 469776.8
128534.8, 469682.1
128547.1, 469660.6
128602.4, 469660.5
128614.7, 469660.5
128629.1, 469657.4
128647.5, 469660.5
128643.5, 469614.5
128336.1, 469740.7
128385.2, 469713.0
128438.5, 469679.2
128446.7, 469676.1
128495.9, 469648.5
128512.3, 469642.3
128217.2, 469789.9
128215.2, 469771.5
128223.4, 469737.8
128231.6, 469728.6
128241.8, 469731.6
128254.1, 469722.4
128280.8, 469704.0
128293.1, 469700.9
128319.7, 469682.5
128368.9, 469664.0
128336.2, 469593.7
128483.7, 469507.7
128547.2, 469510.6
128209.2, 469584.8
128239.9, 469569.4
128266.6, 469541.8
128311.6, 469523.3
128323.9, 469508.0
128334.3, 469406.9
128451.0, 469437.3
128557.6, 469397.3
128565.8, 469342.2
128494.1, 469302.5
128578.2, 469235.0
128557.7, 469189.1
128557.7, 469173.8
128541.4, 469127.9
128453.2, 469265.9
128389.7, 469229.3
128377.5, 469161.9
128381.6, 469131.3
128506.7, 468904.5
